name,short_name
Bakı Dövlət Universiteti,BDU
Azərbaycan Texniki Universiteti,AzTU
Azərbaycan Dövlət İqtisad Universiteti,UNEC
Azərbaycan Tibb Universiteti,ATU
Azərbaycan Dövlət Neft və Sənaye Universiteti,ADNSU
Azərbaycan Memarlıq və İnşaat Universiteti,AMİU
Azərbaycan Dövlət Pedaqoji Universiteti,ADPU
Azərbaycan Dillər Universiteti,ADU
Azərbaycan Dövlət Bədən Tərbiyəsi və İdman Akademiyası,ADBTİA
Azərbaycan Dövlət Mədəniyyət və İncəsənət Universiteti,ADMİU
Bakı Ali Neft Məktəbi,BANM
ADA University,ADA
Sumqayıt Dövlət Universiteti,SDU
Gəncə Dövlət Universiteti,GDU
Lənkəran Dövlət Universiteti,LDU
Naxçıvan Dövlət Universiteti,NDU
Odlar Yurdu Universiteti,OYU
Xəzər Universiteti,XU
Azərbaycan Müəllimlər İnstitutu,AMİ
Azərbaycan Kooperasiya Universiteti,AKU
Mingəçevir Dövlət Universiteti,MDU
Şirvan Dövlət Universiteti,ŞDU
Azərbaycan Dövlət Aqrar Universiteti,ADAU
Azərbaycan Dövlət Dəniz Akademiyası,ADDA
Azərbaycan Dövlət Hüquq Universiteti,ADHU
Bakı Musiqi Akademiyası,BMA
Azərbaycan Güvənlik Universiteti,AGU
